Workbook

Sheet TestCases
A1: BẢNG KIỂM THỬ – WEBSITE BÁN ĐIỆN THOẠI DI ĐỘNG (ĐỀ 17)
A2: Hướng dẫn: chạy từng ca trên ứng dụng, ghi vào cột H (kết quả thực tế) và chọn Pass/Fail ở cột I (ô nền vàng). Hàng TC01 có ví dụ cách ghi.
A4: Mã TC | B4: Chức năng | C4: Mục tiêu kiểm thử | D4: Tiền điều kiện | E4: Các bước | F4: Dữ liệu vào | G4: Kết quả mong đợi | H4: Kết quả thực tế | I4: Pass/Fail | J4: Ghi chú
A5: TC01 | B5: Tài khoản | C5: Đăng ký khách hàng hợp lệ | D5: Chưa đăng nhập | E5: 1. Vào /TaiKhoan/DangKy 2. Nhập đủ thông tin 3. Bấm Đăng ký | F5: TenDangNhap=test01, MK=Test@123 (x2), HoTen=Nguyễn Test, SĐT=0912000111 | G5: Thông báo "Đăng ký thành công", chuyển sang trang đăng nhập; mật khẩu lưu dạng hash | H5: Ví dụ: Hiện thông báo đăng ký thành công, chuyển sang trang đăng nhập | J5: Dòng ví dụ – sửa lại theo kết quả chạy thật
A6: TC02 | B6: Tài khoản | C6: Đăng ký trùng tên đăng nhập | D6: Đã có tài khoản khachhang | E6: Đăng ký với tên đăng nhập đã tồn tại | F6: TenDangNhap=khachhang | G6: Lỗi "Tên đăng nhập đã tồn tại", không tạo tài khoản
A7: TC03 | B7: Tài khoản | C7: Đăng ký số điện thoại sai định dạng | D7: Chưa đăng nhập | E7: Nhập SĐT sai rồi bấm Đăng ký | F7: SĐT=12345 | G7: Lỗi "Số điện thoại phải gồm 10 chữ số, bắt đầu bằng 0"
A8: TC04 | B8: Tài khoản | C8: Đăng nhập đúng | D8: Có tài khoản admin | E8: Đăng nhập | F8: admin / Admin@123 | G8: Đăng nhập thành công, chuyển tới trang quản trị (Dashboard)
A9: TC05 | B9: Tài khoản | C9: Đăng nhập sai mật khẩu | D9: Có tài khoản khachhang | E9: Đăng nhập sai mật khẩu | F9: khachhang / sai123 | G9: Lỗi "Tên đăng nhập hoặc mật khẩu không đúng"
A10: TC06 | B10: Phân quyền | C10: Khách truy cập trang quản trị | D10: Đăng nhập khachhang | E10: Mở /Admin/SanPham | F10: — | G10: Chuyển tới trang "Không có quyền truy cập"
A11: TC07 | B11: Phân quyền | C11: Nhân viên không được sửa sản phẩm | D11: Đăng nhập nhanvien | E11: Mở /Admin/SanPham/Edit/1 | F11: — | G11: Bị từ chối truy cập; menu Sản phẩm không hiển thị
A12: TC08 | B12: Tìm kiếm | C12: Tìm theo tên máy | D12: Có dữ liệu mẫu | E12: Gõ từ khóa ở ô tìm kiếm | F12: q=iPhone | G12: Chỉ hiển thị các sản phẩm có tên chứa "iPhone"
A13: TC09 | B13: Lọc | C13: Lọc theo hãng và khoảng giá | D13: Có dữ liệu mẫu | E13: Chọn hãng, nhập giá từ–đến, Áp dụng | F13: Hãng=Samsung, 5.000.000–15.000.000 | G13: Chỉ hiện Galaxy A56 5G
A14: TC10 | B14: Lọc | C14: Lọc theo dung lượng + sắp xếp giá tăng | D14: Có dữ liệu mẫu | E14: Chọn dung lượng, sắp xếp Giá tăng dần | F14: DungLuong=512GB | G14: Chỉ máy có bản 512GB, giá thấp nhất đứng đầu
A15: TC11 | B15: Phân trang | C15: Chuyển trang danh sách sản phẩm | D15: 12 sản phẩm, 9 SP/trang | E15: Bấm trang 2 | F15: page=2 | G15: Trang 2 hiển thị 3 sản phẩm, giữ nguyên bộ lọc trên URL
A16: TC12 | B16: So sánh (Session) | C16: Thêm 3 máy vào so sánh | D16: Chưa có máy nào | E16: Bấm "So sánh" ở 3 sản phẩm, mở /SoSanh | F16: 3 sản phẩm bất kỳ | G16: Bảng so sánh 3 cột thông số
A17: TC13 | B17: So sánh (Session) | C17: Thêm máy thứ 4 | D17: Đã có 3 máy | E17: Bấm "So sánh" ở sản phẩm thứ 4 | F17: — | G17: Lỗi "Chỉ so sánh tối đa 3 sản phẩm"; danh sách vẫn 3 máy
... A43: TC39 | B43: Ảnh sản phẩm | C43: Xóa ảnh phụ và giới hạn 10 ảnh | D43: Sản phẩm có 10 ảnh phụ | E43: 1. Thêm ảnh thứ 11 2. Bấm "Xóa" một ảnh, xác nhận | F43: 1 ảnh .jpg | G43: B1: báo lỗi tối đa 10 ảnh; B2: ảnh bị xóa khỏi thư viện và khỏi đĩa, còn 9/10

Sheet TongHop
A1: TỔNG HỢP KẾT QUẢ KIỂM THỬ
A3: Tổng số test case | B3: =COUNTA(TestCases!A5:A43)
A4: Pass | B4: =COUNTIF(TestCases!I5:I43,"Pass")
A5: Fail | B5: =COUNTIF(TestCases!I5:I43,"Fail")
A6: Chưa chạy | B6: =B3-B4-B5
A7: Tỷ lệ Pass (trên số đã chạy) | B7: =IF(B4+B5=0,0,B4/(B4+B5))
A9: Số ca theo chức năng
A10: Tài khoản | B10: =COUNTIF(TestCases!B5:B43,A10)
A11: Phân quyền | B11: =COUNTIF(TestCases!B5:B43,A11)
A12: Tìm kiếm | B12: =COUNTIF(TestCases!B5:B43,A12)
A13: Lọc | B13: =COUNTIF(TestCases!B5:B43,A13)
A14: Phân trang | B14: =COUNTIF(TestCases!B5:B43,A14)
A15: So sánh (Session) | B15: =COUNTIF(TestCases!B5:B43,A15)
A16: Đã xem (Cookie) | B16: =COUNTIF(TestCases!B5:B43,A16)
A17: Giỏ hàng (Session) | B17: =COUNTIF(TestCases!B5:B43,A17)
A18: Đặt hàng | B18: =COUNTIF(TestCases!B5:B43,A18)
A19: Thanh toán | B19: =COUNTIF(TestCases!B5:B43,A19)
A20: Đơn hàng | B20: =COUNTIF(TestCases!B5:B43,A20)
A21: IMEI | B21: =COUNTIF(TestCases!B5:B43,A21)
A22: Tiến độ đơn | B22: =COUNTIF(TestCases!B5:B43,A22)
A23: Bảo hành | B23: =COUNTIF(TestCases!B5:B43,A23)
A24: CRUD Hãng | B24: =COUNTIF(TestCases!B5:B43,A24)
A25: CRUD Phiên bản | B25: =COUNTIF(TestCases!B5:B43,A25)
A26: Upload | B26: =COUNTIF(TestCases!B5:B43,A26)
A27: Đánh giá | B27: =COUNTIF(TestCases!B5:B43,A27)
A28: Bảo mật | B28: =COUNTIF(TestCases!B5:B43,A28)
A29: Thống kê | B29: =COUNTIF(TestCases!B5:B43,A29)
A30: Ảnh sản phẩm | B30: =COUNTIF(TestCases!B5:B43,A30)
